id,batch,side,reason
vector-notation,1,jp,"日本側（成分を (a₁, a₂) と丸かっこで書く）を確かめられない。高等学校学習指導要領解説は「成分表示」の語だけ、日本語版 Wikipedia「ベクトル」は上の矢印と太字の両方を挙げる。2026-09-26: 矢印は共通テスト（令和3〜8年度）・センター試験（平成26〜31年度）の本試験 数学で確かめた（共通テスト 令和7年度 数学Ⅱ，数学Ｂ，数学Ｃ 第6問、センター試験 平成30年度 数学Ⅱ・数学Ｂ 第4問）が、成分を丸かっこで書く例は問題文に出てこない（点の座標 C(x, y, z) だけ）"
standard-unit-vector-letters,1,jp,日本側（基本ベクトルを e₁ e₂ e₃ と書く）を確かめられない。日本語版 Wikipedia「標準基底」は e₁ … と i j k の両方を挙げ、解説に基本ベクトルの文字はない。2026-09-26: 共通テスト（令和3〜8年度）・センター試験（平成26〜31年度）の本試験 数学にも基本ベクトル・e₁ が出てこない
increase-decrease-table-vs-sign-chart,1,jp,日本側の「増減表」が学習指導要領解説にも日本語版 Wikipedia（全文検索を含む）にも出てこない。2026-09-26: 共通テスト（令和3〜8年度）・センター試験（平成26〜31年度）の本試験 数学にも「増減表」が出てこない（マーク式で表を書かせない）
definite-integral-definition,1,jp,日本側（数学II が定積分を F(b) − F(a) で定義する）を確かめられない。解説の数式はテキストに取り出せず、日本語版 Wikipedia に高校の定義の記述がない。2026-09-26: 共通テスト（令和3〜8年度）・センター試験（平成26〜31年度）の本試験 数学は定積分を計算させるだけで、定義を述べない
evaluation-bar-notation,1,jp,日本側（[F(x)]ₐᵇ と書く）を確かめられない。2026-09-26: 共通テスト（令和3〜8年度）・センター試験（平成26〜31年度）の本試験 数学のテキスト（OCR を含む）に [F(x)] の形が見つからない。記号は抽出で落ちるので見落としの可能性があるが、正解の表は数だけ
substitution-limits-table,1,jp,日本側（置換積分で x と t の対応表を添える）を確かめられない。2026-09-26: 置換積分は数学Ⅲ で、共通テスト・センター試験の範囲にない。答案の書き方はマーク式の問題からは分からない
integrable-meaning,1,jp,日本側（高校の「積分できる」が原始関数を式で書けることを指す）を確かめられない。2026-09-26: 共通テスト（令和3〜8年度）・センター試験（平成26〜31年度）の本試験 数学にも「積分できる」の用例がない
regular-polygon-area-apothem,1,jp,日本側（数学I で外接円の半径から正多角形の面積を求める）を確かめられない。解説は小学校の内容として正多角形を挙げるだけ。2026-09-26: 共通テスト（令和3〜8年度）・センター試験（平成26〜31年度）の本試験 数学にも外接円の半径で正多角形の面積を求める問題が見つからない
base-n-parenthesized-subscript,1,us,米国側（142₅ と括弧なしの添字で書く、in base n と言う）が手元の参照（OpenStax・CED・IM・CK-12・Levin・Nicholson）にない。2026-09-26: 米国側の理由なので、日本側の資料（共通テスト・センター試験）を足しても変わらない
jp-only-analytic-geometry,2,us,米国側の主張（点と直線の距離の公式などが米国の高校の教科書に出てこない）が参照と合わない。CK-12 Geometry と IM に distance from a point to a line が出てくる。アポロニウスの円・2 円の交点を通る円は日本側も解説で確かめられない。2026-09-26: 米国側の理由なので、日本側の資料（共通テスト・センター試験）を足しても変わらない
integration-by-parts-u-dv,2,jp,日本側（部分積分を ∫f g′ dx = fg − ∫f′g dx の形で書く）を確かめられない。解説は「部分積分法」の名前だけ。2026-09-26: 部分積分は数学Ⅲ で、共通テスト・センター試験の範囲にない
acronym-mnemonics,2,jp,日本側（展開・演算の順序・部分積分に決まった覚え方がない、sin・cos・tan を筆記体の形で覚える）を資料で確かめられない。2026-09-26: 覚え方は試験問題からは確かめられない
half-angle-formula-form,2,jp,日本側（半角の公式を 2 乗の形で書く）を確かめられない。2026-09-26: 共通テスト（令和3〜8年度）・センター試験（平成26〜31年度）の本試験 数学にも「半角の公式」が出てこない
perpendicular-slope-condition,2,jp,日本側（垂直条件を傾きの積 m₁m₂ = −1 と書く）が解説・日本語版 Wikipedia で見つからない。2026-09-26: 共通テスト（令和3〜8年度）・センター試験（平成26〜31年度）の本試験 数学に「傾きの積」の形が見つからない
us-customary-units,2,jp,日本側（中 3 の落下の式 y = 4.9x²）が解説・日本語版 Wikipedia で見つからない。2026-09-26: 中 3 の内容で、共通テスト・センター試験の範囲にない
velocity-speed-displacement,2,jp,日本側の違い（数学II の「瞬間の速さ」が負にもなる、変位は物理の語）を確かめられない。解説の数学III は速度を扱うが、速さとの言い分けは米国と同じで違いにならない。2026-09-26: 共通テスト（令和3〜8年度）・センター試験（平成26〜31年度）の本試験 数学の「速度」は数学Ⅰ のデータの文脈（平均速度・飛び出すときの速度）だけで、「瞬間の速さ」の符号は出てこない
addition-rule-scope,2,jp,日本側（数学A の「確率の加法定理」は排反な事象だけを指す）を確かめられない。解説にあるのは「排反」の語だけ。2026-09-26: 共通テスト（令和3〜8年度）・センター試験（平成26〜31年度）の本試験 数学の「加法定理」は三角関数の加法定理だけで、確率の加法定理は出てこない
end-of-proof-marker,2,jp,日本側（答案の最後に「証明終わり」「終」と書く）を確かめられない。日本語版 Wikipedia「Q.E.D.」は記号 ∎ の説明だけ。2026-09-26: 共通テスト・センター試験はマーク式で答案を書かせないので、答案の締め方は確かめられない
identity-matrix-letter,2,jp,日本側（単位行列を E と書く）を決められない。日本語版 Wikipedia「単位行列」は En と In の両方が多いと書く。2026-09-26: 行列は平成26年度以降の共通テスト・センター試験の範囲になく、単位行列は出てこない
classify-equations-and-systems,2,jp,日本側（連立方程式の解を「不定」「不能」と答える）が解説・日本語版 Wikipedia で見つからない。2026-09-26: 共通テスト（令和3〜8年度）・センター試験（平成26〜31年度）の本試験 数学の「不定」は不定方程式だけで、連立方程式の解を「不定」「不能」と答える問題は出てこない
problem-instruction-verbs,2,jp,日本側（問題文が「求めよ」「示せ」「図示せよ」で済ませる）を確かめられる資料がない（解説は問題文の書き方を扱わない）。2026-09-26: 共通テスト（令和3〜8年度）・センター試験（平成26〜31年度）の本試験 数学はマーク式で「求めよ」「示せ」が少しあるだけ（「〜を求めよう」「〜を示せばよい」の形）。記述式の問題文の動詞を比べる資料にならない
expression-vs-equation-scope,2,jp,日本側（日本語の「式」が等式・不等式を含む）を確かめられない（日本語版 Wikipedia に「式 (数学)」の記事がない）。2026-09-26: 「式」が等式を含むかは試験問題からは確かめられない
polynomial-includes-monomial,2,jp,日本側（中学が多項式を 2 項以上の和として単項式と区別する）を確かめられない。2026-09-26: 中学の内容で、共通テスト・センター試験の範囲にない
principal-square-root-includes-zero,2,jp,日本側（「正の平方根」が 0 を含まない）を解説で確かめられない。2026-09-26: 共通テスト（令和3〜8年度）・センター試験（平成26〜31年度）の本試験 数学は「平方根のうち正のもの」と書くが（共通テスト 令和5年度 数学Ⅰ 第3問の選択肢）、0 を含むかどうかは分からない
rational-function-scope,2,jp,日本側（数学III の分数関数が (ax + b)/(cx + d) の形を中心とする）を確かめられない。解説にあるのは「分数関数」の語だけ。2026-09-26: 分数関数は数学Ⅲ で、共通テスト・センター試験の範囲にない
relatively-prime-pairwise,2,same,日米で同じ。日本語版 Wikipedia「互いに素」も互いに素と対ごとに素（pairwise coprime）を言い分ける。2026-09-26: 日米で同じなので、日本側の資料を足しても変わらない
justification-for-shortcut-formulas,2,jp,日本側（受験で 1/6 公式などだけで答えを出す）を確かめられる資料がない。2026-09-26: 共通テスト・センター試験はマーク式で途中を書かせないので、公式だけで答える習慣は確かめられない
p-value-vs-rejection-region,2,same,日米で同じ。高等学校学習指導要領解説の数学B も有意水準と確率 p を比べて帰無仮説を判断する（棄却域の語は出てこない）。2026-09-26: 日米で同じなので、日本側の資料を足しても変わらない
repeating-decimal-notation,2,jp,日本語版 Wikipedia「循環小数」は点と上線の両方を挙げ、日本側の書き方（点を打つ）を決められない。米国側（循環節全体に横線）は OpenStax Prealgebra・Elementary Algebra で確かめた。2026-09-26: 共通テスト（令和3〜8年度）・センター試験（平成26〜31年度）の本試験 数学にも循環小数が出てこない
y-prime-vs-dy-dx,3,same,日米で同じ。日本の解説も y′ と dy/dx の両方を使い（理数数学II の dy/dx = ky）、米国の CED も両方を使う。「授業でどちらが多いか」は資料で確かめられない。2026-09-26: 日米で同じなので、日本側の資料を足しても変わらない
special-right-triangles-by-angles,3,jp,日本側（三角定規の形として覚える）が解説・日本語版 Wikipedia で見つからない。2026-09-26: 共通テスト（令和3〜8年度）・センター試験（平成26〜31年度）の本試験 数学にも「三角定規」が出てこない
area-between-curves-dy-and-parametric,3,jp,日本側（数学III で媒介変数表示の曲線で囲まれた面積も同じ積分の単元で扱う）を確かめられない。2026-09-26: 媒介変数表示の面積は数学Ⅲ で、共通テスト・センター試験の範囲にない
characteristic-equation-scope,3,jp,日本側（数学B の特性方程式が aₙ₊₁ = paₙ + q に対する α = pα + q を指す）を確かめられない。日本語版 Wikipedia「漸化式」の特性方程式は線形漸化式一般のもので、違いにならない。2026-09-26: 共通テスト（令和3〜8年度）・センター試験（平成26〜31年度）の本試験 数学に「特性方程式」が出てこない（漸化式はセンター試験 平成31年度 数学Ⅱ・数学Ｂ 第3問にあるが、特性方程式の語はない）
division-sign-usage,3,us,米国側の主張（÷ は小学校までの記号）が参照と合わない。OpenStax Prealgebra と Algebra and Trigonometry が ÷ を使う。2026-09-26: 米国側の理由なので、日本側の資料（共通テスト・センター試験）を足しても変わらない
multiplication-sign-usage,3,us,米国側の主張（× はベクトルの外積や次元に使う）が参照と合わない。OpenStax Prealgebra が × を数の掛け算に使う。2026-09-26: 米国側の理由なので、日本側の資料（共通テスト・センター試験）を足しても変わらない
decimal-point-and-digit-grouping,3,same,日米で同じ（小数点と 3 桁区切りのコンマ）。付録 B #10。2026-09-26: 日米で同じなので、日本側の資料を足しても変わらない
handwritten-digits,3,jp+us,手書きの数字の形を確かめられる資料がない。2026-09-26: 手書きの形は試験問題（印刷）からは確かめられない
handwritten-x-and-z,3,jp+us,手書きの x・z の形を確かめられる資料がない。2026-09-26: 手書きの形は試験問題（印刷）からは確かめられない
rationalizing-denominators-expectation,3,jp+us,日本側（答えの分母を必ず有理化する）と米国側（1/√2 のまま認める講師もいる）のどちらも資料で確かめられない。2026-09-26: センター試験の解答上の注意は分数の符号の付け方などを求めるが（平成30年度 数学①・数学② の注意）、分母の有理化の指示は見つからない。米国側（講師次第）も確かめられない
angle-units-degrees-and-radians,3,us,米国側（Calculus は radians だけを使う）を確かめられない。日米とも弧度法・radian を扱い、違いにならない。2026-09-26: 米国側の理由なので、日本側の資料（共通テスト・センター試験）を足しても変わらない
reading-f-of-x,3,same,日米で同じ（f(x) の記号）。付録 B #26。2026-09-26: 日米で同じなので、日本側の資料を足しても変わらない
gcd-written-in-words,2,same,"同じ段（高校どうし）で比べると日米の差が立たない。違いは高校と大学の違い。2026-10-09: Phase 5 監査 13 で人間レビュー（audit-human）に回し、監査 14 の前のユーザーの決定 1 で外した。米国の学校の参照（OpenStax Prealgebra・Elementary Algebra、IM 6–8）は greatest common factor（GCF）と言葉で書き、gcd(a, b) は大学の Levin（6.2）。中身は terms/greatest-common-divisor の pitfalls にある"
set-builder-colon,2,same,同じ段（高校どうし）で比べると日米の差が立たない。違いは高校と大学の違い。2026-10-09: Phase 5 監査 13 で人間レビュー（audit-human）に回し、監査 14 の前のユーザーの決定 1 で外した。OpenStax Precalculus・Algebra and Trigonometry は日本と同じ縦棒、コロンは大学の Levin（5.1。縦棒も使われると注記）。中身は symbols/set-builder-braces の notes に足した
number-of-elements-notation,2,same,同じ段（高校どうし）で比べると日米の差が立たない。違いは高校と大学の違い。2026-10-09: Phase 5 監査 13 で人間レビュー（audit-human）に回し、監査 14 の前のユーザーの決定 1 で外した。OpenStax Algebra and Trigonometry（13.7）は日本と同じ n(E)、|A| は大学の Levin（1.5・5.1）。中身は terms/number-of-elements と symbols/cardinality-notation にある
variance-notation,2,same,同じ段（高校どうし）で比べると日米の差が立たない。違いは高校と大学の違い。2026-10-09: Phase 5 監査 13 で人間レビュー（audit-human）に回し、監査 14 の前のユーザーの決定 1 で外した。AP Statistics の CED（topic 2.9）は V(X) か σ²_X、センター試験（平成30年度 数学Ⅱ・数学Ｂ）は σ²。日米とも両方を使う。中身は symbols/variance-of-x の notes に足した
summation-index-letter,3,same,同じ段（高校どうし）で比べると日米の差が立たない。違いは高校と大学の違い。2026-10-09: Phase 5 監査 13 で人間レビュー（audit-human）に回し、監査 14 の前のユーザーの決定 1 で外した。OpenStax Precalculus（11.4）は日本と同じ k、i はリーマン和（CED topic 6.3・OpenStax Calculus Volume 1）の習慣。中身は terms/summation-notation の pitfalls に足した
natural-numbers-and-zero,2,same,同じ段（高校どうし）で比べると日米の差が立たない。違いは高校と大学の違い。2026-10-09: Phase 5 監査 13 で人間レビュー（audit-human）に回し、監査 14 の前のユーザーの決定 1 で外した。OpenStax Algebra and Trigonometry（1.1）・CK-12 Algebra も自然数を 1 から、0 からは大学の Levin。中身は terms/natural-number（whole numbers・positive integer）にある
let-new-variable-first,2,same,同じ段（高校どうし）で比べると日米の差が立たない。違いは高校と大学の違い。2026-10-09: Phase 5 監査 13 で人間レビュー（audit-human）に回し、監査 14 の前のユーザーの決定 1 で外した。「〜とおく」と Let の語順は英語の言い方だけの違い。中身は terms/let-u-equal・substitute-new-variable の pitfalls にある
solution-as-ordered-pair,3,same,"同じ段（高校どうし）で比べると日米の差が立たない。違いは高校と大学の違い。2026-10-09: Phase 5 監査 14 で人間レビュー（audit-human）に回し、監査 15 の前のユーザーの決定 1 で外した（監査 14 の前の決定 1 と同じ理由）。同じ段の IM Algebra 1（2.13・2.15）は連立方程式の解を e = 6, f = 11, or the point (6, 11) と値に分けて書き点を添える。日本の試験の分けた書き方は不定方程式の問だけで、組で答える問は日本も (A, B) = (…) と書く。中身は terms/solution-pair の pitfalls[2] にある"
