id,symbol,ja_reading,en_readings,level,source,category,term_ref,note,related
plus-sign,a + b,a たす b ／ a プラス b,a plus b,中1|Pre-Algebra|Algebra 1,OpenStax 51480,arithmetic,addition,,
minus-sign,a − b,a ひく b ／ a マイナス b,a minus b,中1|Pre-Algebra|Algebra 1,OpenStax 51840,arithmetic,subtraction,二項の引き算。負の数の −3 は negative-sign,
negative-sign,−3 ／ −x,マイナス 3 ／ 負の 3 ／ マイナス x,negative three ／ minus three ／ negative x ／ the opposite of x,中1|Pre-Algebra|Algebra 1,editorial,arithmetic,negative-number,PLAN 付録 B #7。probe は minus-sign と区別できないので空,negative-vs-minus
times-sign,a × b ／ a · b ／ ab,a かける b,a times b ／ a multiplied by b,中1|Pre-Algebra|Algebra 1,OpenStax 8891|CED 2|CED-Stats 19|CK-12 429,arithmetic,multiplication,PLAN 付録 B #9。× は外積・直積・行列の型（m × n）とも共有、· は内積と共有,multiplication-sign-usage
division-sign,a ÷ b,a わる b,a divided by b,中1|Pre-Algebra,OpenStax 2370|CK-12 136,arithmetic,division,,division-sign-usage
long-division-bracket,5⟌20,20 ÷ 5 の筆算,twenty divided by five ／ five goes into twenty ／ five into twenty,中1|Pre-Algebra,editorial,arithmetic,division,記号の形は日本の筆算とほぼ同じ。goes into の読みが米国特有,division-sign-usage
equals-sign,a = b,a イコール b ／ a は b に等しい,a equals b ／ a is equal to b ／ a is b,中1|Pre-Algebra|Algebra 1,OpenStax 76969,arithmetic,equal-sign,,
not-equal-sign,a ≠ b,a ノットイコール b ／ a は b に等しくない,a is not equal to b ／ a does not equal b,数I|Pre-Algebra|Algebra 1,OpenStax 2374|CED 2|CED-Stats 10|CK-12 26,arithmetic,,,
approximately-equal-sign,a ≈ b（日本では ≒）,a ニアリーイコール b ／ a は b にほぼ等しい,a is approximately equal to b ／ a is approximately b ／ a is about b,中1|中3|Pre-Algebra|Algebra 1|Calculus I,OpenStax 2449|CED 1|CK-12 26,arithmetic,approximate-value,PLAN 付録 B #2（日本 ≒ ／ 米国 ≈）,approximately-equal-notation
less-than-sign,a < b,a 小なり b ／ a は b より小さい ／ a は b 未満,a is less than b,中1|Pre-Algebra|Algebra 1,OpenStax 2543,arithmetic,less-than,,
greater-than-sign,a > b,a 大なり b ／ a は b より大きい,a is greater than b,中1|Pre-Algebra|Algebra 1,OpenStax 1160,arithmetic,greater-than,,
leq-sign,a ≦ b（米国では a ≤ b）,a 小なりイコール b ／ a は b 以下,a is less than or equal to b ／ a is at most b,中1|Pre-Algebra|Algebra 1,学習指導要領〔用語・記号〕中1 ≦|OpenStax 7234|CED 27|CED-Stats 16|CK-12 7,arithmetic,less-than-or-equal-to,MEXT〔記号〕≦。conventions/inequality-symbols と対,inequality-symbols
geq-sign,a ≧ b（米国では a ≥ b）,a 大なりイコール b ／ a は b 以上,a is greater than or equal to b ／ a is at least b,中1|Pre-Algebra|Algebra 1,学習指導要領〔用語・記号〕中1 ≧|OpenStax 2700|CED 1|CED-Stats 11|CK-12 3,arithmetic,greater-than-or-equal-to,MEXT〔記号〕≧,inequality-symbols
compound-inequality,a < x < b,a 小なり x 小なり b ／ x は a より大きく b より小さい,x is between a and b ／ a is less than x is less than b ／ x is greater than a and less than b,中1|数I|Algebra 1,editorial,arithmetic,inequality,,
plus-minus-sign,±,プラスマイナス,plus or minus,中3|Algebra 1|Algebra 2,OpenStax 2565|CED-Stats 9|CK-12 4,arithmetic,,,
minus-plus-sign,∓,マイナスプラス（複号同順）,minus or plus ／ minus plus,数II|Precalculus,OpenStax 2,arithmetic,,加法定理 cos(α ± β) = cos α cos β ∓ sin α sin β。「複号同順」に当たる英語の言い方も要確認,
parenthesized-quantity,(a + b)² ／ 2(x + 3),かっこ a たす b の 2 乗 ／ 2 かっこ x たす 3,"the quantity a plus b, squared ／ a plus b, all squared ／ two times the quantity x plus three",中1|中3|Pre-Algebra|Algebra 1,editorial,arithmetic,parentheses,括弧の読み the quantity。probe は読みでしか拾えない,
square-brackets,[ ],大かっこ ／ ブラケット,"brackets ／ square brackets ／ open bracket, close bracket",中1|Pre-Algebra,OpenStax 3206,notation-other,parentheses,日本は ( ) 小・{ } 中・[ ] 大、米国は parentheses → brackets → braces で入れ子の順が違う,
curly-braces,{ },中かっこ,braces ／ curly braces ／ curly brackets,中1|Pre-Algebra,OpenStax 2105,notation-other,,,
percent-sign,25%,25 パーセント,twenty-five percent,中1|Pre-Algebra,OpenStax 3410|CED 96|CED-Stats 151|CK-12 16,arithmetic,percent,,
decimal-point,3.14,3 てん 1 4,three point one four,中1|Pre-Algebra,editorial,arithmetic,decimal,小数点以下を 1 桁ずつ読む,decimal-point-and-digit-grouping
repeating-decimal-bar,0.3̄（日本では 0.3̇）,0.3 の循環小数 ／ れい てん さん さん …,zero point three repeating ／ point three repeating ／ zero point three with a bar over the three,数I|Pre-Algebra|Algebra 1,editorial,arithmetic,repeating-decimal,日本は数字の上に点、米国は上線（vinculum）。上線の probe は線分 AB と区別できない,repeating-decimal-notation
scientific-notation-form,3.2 × 10⁵,3.2 かける 10 の 5 乗,three point two times ten to the fifth ／ three point two times ten to the fifth power,中1|Pre-Algebra|Algebra 1,OpenStax 503,arithmetic,scientific-notation,,
ratio-colon,a : b,a 対 b,a to b ／ the ratio of a to b,中1|Pre-Algebra,OpenStax 341,arithmetic,ratio,,
proportion-colon,a : b = c : d,a 対 b イコール c 対 d,a is to b as c is to d ／ the ratio of a to b equals the ratio of c to d,中1|Pre-Algebra,editorial,arithmetic,proportion,,
ellipsis,"1, 2, 3, … ／ a₁, a₂, …, aₙ",…（てんてんてん）,and so on ／ dot dot dot ／ all the way up to,中1|数B|Algebra 1|Algebra 2,OpenStax 1515|CK-12 30,notation-other,,,
absolute-value-bars,|x|,x の絶対値,the absolute value of x ／ absolute value of x,数I|Pre-Algebra|Algebra 1,OpenStax 6102,arithmetic,absolute-value,絶対値の語は中1、記号 |x| は数I。| は条件付き確率・集合の記法・a | b と共有,
equals-question-mark,3(2) + 1 ≟ 7,（検算で使う等号。日本では使わない）,does three times two plus one equal seven ／ is three times two plus one equal to seven,Pre-Algebra|Algebra 1,OpenStax 74|CK-12 25,notation-other,,米国の教科書の検算（Check）の記法,
wave-dash-range-jp,3〜5 ／ 10〜20（階級）,3 から 5 ／ 10 以上 20 未満,three to five ／ from three to five ／ between three and five,中1,editorial,notation-other,,JP-only: 日本の表記。米国の教科書では使わない（読みは米国の言い方を併記）。米国は 3–5（en dash）か 3 to 5、度数分布の階級は 10–20 や 10 to under 20,
fraction-a-over-b,a/b,b 分の a,a over b ／ a divided by b,中1|Pre-Algebra|Algebra 1,OpenStax 51165|CK-12 299,fractions,fraction,日本語は分母から、英語は分子から読む,
numeric-fraction,3/4 ／ 1/2,4 分の 3 ／ 2 分の 1,three fourths ／ three quarters ／ three over four ／ one half,中1|Pre-Algebra,editorial,fractions,fraction,分母を序数で読む。probe は a/b と区別できない,
mixed-number,2¾,2 と 4 分の 3（帯分数）,two and three fourths ／ two and three quarters,中1|Pre-Algebra,editorial,fractions,,日本では中学以降ほぼ使わない。米国は Pre-Algebra〜Algebra 1 でも使う,
rational-expression-fraction,(x + 1)/(x − 1),x − 1 分の x + 1,"x plus one over x minus one ／ the quantity x plus one over the quantity x minus one ／ x plus one, all over x minus one",数II|Algebra 1|Algebra 2,editorial,fractions,rational-expression,,
power-squared,x²,エックスの 2 乗,x squared ／ x to the second power,中1|中2|Pre-Algebra|Algebra 1,data/symbols|OpenStax 16|CK-12 707,exponents,,既存エントリ,
power-cubed,x³,x の 3 乗,x cubed ／ x to the third power ／ x to the third,中1|Pre-Algebra|Algebra 1,OpenStax 2|CK-12 53,exponents,power,,
power-fourth,x⁴,x の 4 乗,x to the fourth ／ x to the fourth power ／ x to the power of four,中1|Algebra 1|Algebra 2,editorial,exponents,power,"4 乗以上の数字の指数（to the fifth, to the sixth も同じ型）",
power-n,xⁿ,x の n 乗,x to the n ／ x to the nth power ／ x to the nth ／ x to the power of n,中1|数II|Algebra 1|Algebra 2,editorial,exponents,power,,
negative-exponent-power,x⁻¹ ／ x⁻ⁿ,x のマイナス 1 乗 ／ x のマイナス n 乗,x to the negative one ／ x to the negative first power ／ x to the negative n ／ x inverse,数II|Algebra 1|Algebra 2,editorial,exponents,negative-exponent,⁻¹ は f⁻¹・A⁻¹・sin⁻¹ と共有するので probe は空,
fractional-exponent,a^(1/n) ／ a^(m/n),a の n 分の 1 乗 ／ a の n 分の m 乗,a to the one over n ／ a to the one-nth power ／ a to the m over n ／ a raised to the m over n,数II|Algebra 2|Precalculus,editorial,exponents,rational-exponent,,
expression-exponent,2^(x+1),2 の x+1 乗,two to the x plus one ／ two to the power of x plus one ／ two raised to the quantity x plus one,数II|Algebra 2|Precalculus,editorial,exponents,power,指数が式のときの区切り方,
e-to-the-x,eˣ,e の x 乗,e to the x ／ e to the x power ／ e to the power of x,数III|Algebra 2|Precalculus|AP Calculus AB|Calculus I,editorial,exponents,exponential-function,,
exp-function,exp x ／ exp(x),エクスポネンシャル x,exp of x ／ the exponential of x ／ e to the x,大学|Calculus I|Calculus III,OpenStax 7,exponents,exponential-function,,
e-constant,e,e ／ ネイピア数,e ／ Euler's number ／ the number e,数III|Algebra 2|Precalculus|AP Calculus AB|Calculus I,学習指導要領〔用語・記号〕数III e,exponents,base-of-the-natural-logarithm,MEXT〔記号〕e。1 文字なので probe は空,
square-root,√(x² + 1),ルート x の 2 乗 プラス 1,the square root of x squared plus one ／ root x squared plus one,中3|数I|Algebra 1,学習指導要領〔用語・記号〕中3 √|data/symbols|OpenStax 11412|CK-12 219,roots,square-root-of-a-number,既存エントリ（term_ref は null）。MEXT〔記号〕√,
cube-root,∛x,3 乗根 x ／ x の 3 乗根,the cube root of x ／ cube root of x,数II|Algebra 2,OpenStax 2463|CK-12 2,roots,nth-root,,
nth-root-radical,ⁿ√x,n 乗根 x ／ x の n 乗根,the nth root of x ／ nth root of x,数II|Algebra 2|Precalculus,OpenStax 2463|CK-12 3,roots,nth-root,,
a-sub-n,aₙ ／ aₙ₊₁,a n ／ a の n,a sub n ／ a n ／ a sub n plus one,数B|Algebra 1|Algebra 2|Precalculus,OpenStax 19523,subscripts,general-term,aₙ₊₁ と aₙ + 1 の読み分け,sequence-starting-index
x-naught,x₀ ／ x₁,x ゼロ ／ x 1,x naught ／ x sub zero ／ x zero ／ x sub one ／ x one,数II|数III|Algebra 1|AP Calculus AB|Calculus I,OpenStax 3,subscripts,,,
sequence-braces,{aₙ},数列 {aₙ} ／ 数列 a n,the sequence a sub n ／ the sequence a n,数B|Algebra 2|Precalculus|AP Calculus BC|Calculus II,OpenStax 56,subscripts,sequence,,sequence-starting-index
base-n-subscript,1011₍₂₎ ／ 1011₂,2 進法の 1011 ／ いち れい いち いち（2）,one zero one one base two ／ one zero one one in base two ／ binary one zero one one,数A|Discrete Math,CK-12 4,number-theory,base-n,日本は (2) を括弧つきで添える,base-n-parenthesized-subscript
function-f-of-x,f(x),エフ エックス,f of x,中1|数I|Algebra 1|Algebra 2,data/symbols|OpenStax 9373|CED 18|CK-12 3,functions,function-notation,既存エントリ,reading-f-of-x
inverse-function-notation,f⁻¹(x),f インバース x,f inverse of x ／ f inverse,数III|Algebra 2|Precalculus,OpenStax 246|CK-12 2,functions,inverse-function,1/f(x) と読み違えない,
composition-notation,(f ∘ g)(x) ／ f(g(x)),f マル g (x) ／ f(g(x)),f of g of x ／ f composed with g of x ／ f circle g of x,数III|Algebra 2|Precalculus|AP Calculus AB,OpenStax 137,functions,composite-function,∘ の単独 probe は度（°）の MathML と混ざる,
function-maps-arrow,f: A → B ／ x ↦ f(x),f は A から B への写像 ／ x を f(x) にうつす,f maps A to B ／ f from A to B ／ x maps to f of x,大学|Discrete Math|Linear Algebra,editorial,functions,function,,
piecewise-brace,"f(x) = { x² (x ≥ 0), −x (x < 0) }",f(x) は x ≥ 0 のとき x²、x < 0 のとき −x,"f of x equals x squared if x is greater than or equal to zero and negative x if x is less than zero ／ f of x is x squared for x at least zero, negative x otherwise",数I|数III|Algebra 1|Algebra 2|Precalculus|AP Calculus AB,editorial,functions,piecewise-function,日本は条件を右の ( ) に書く,
max-min-notation,"max{a, b} ／ min{a, b}","a と b の大きい方 ／ マックス a, b",the max of a and b ／ the maximum of a and b ／ the min of a and b,Calculus I|Discrete Math,OpenStax 10,functions,maximum,日本は入試で使う（指導要領の記号ではない）,
floor-brackets,⌊x⌋,x の床関数 ／ フロア x,the floor of x ／ floor of x ／ the greatest integer less than or equal to x,大学|Precalculus|Discrete Math,OpenStax 1,functions,floor-function,,floor-function-notation
gauss-bracket-jp,[x]（ガウス記号）,ガウス x ／ x を超えない最大の整数,the greatest integer less than or equal to x ／ the greatest integer function of x ／ the floor of x,Algebra 2|Precalculus,editorial,functions,integer-part,日本の入試の記法（指導要領の記号ではない）。米国は ⟦x⟧ か ⌊x⌋ で greatest integer function と呼ぶ,floor-function-notation
ceiling-brackets,⌈x⌉,x の天井関数,the ceiling of x ／ ceiling of x,大学|Discrete Math,editorial,functions,ceiling-function,,
hyperbolic-functions-notation,sinh x ／ cosh x ／ tanh x,ハイパボリックサイン x ／ ハイパボリックコサイン x,hyperbolic sine of x ／ cinch x ／ cosh x ／ hyperbolic cosine of x ／ tanch x,大学|Calculus I|Calculus II,OpenStax 692,functions,hyperbolic-functions,,
sine-of-theta,sin θ,サイン シータ,sine theta ／ sine of theta ／ the sine of theta,数I|Geometry|Algebra 2|Precalculus,学習指導要領〔用語・記号〕数I sin|OpenStax 12249|CED 9|CK-12 3,trigonometry,sine,MEXT〔記号〕sin,
cosine-of-theta,cos θ,コサイン シータ,cosine theta ／ cosine of theta ／ the cosine of theta,数I|Geometry|Algebra 2|Precalculus,学習指導要領〔用語・記号〕数I cos|OpenStax 12009|CED 7,trigonometry,cosine,MEXT〔記号〕cos,
tangent-of-theta,tan θ,タンジェント シータ,tangent theta ／ tangent of theta ／ tan theta,数I|Geometry|Algebra 2|Precalculus,学習指導要領〔用語・記号〕数I tan|OpenStax 3921|CED 2|CK-12 5,trigonometry,tangent,MEXT〔記号〕tan,
secant-of-theta,sec θ,セカント シータ,secant theta ／ secant of theta ／ sec theta,Algebra 2|Precalculus|AP Calculus AB|Calculus I,OpenStax 412,trigonometry,secant,PLAN 付録 B #11。高校では 1/cos θ と書く,reciprocal-trig-functions
cosecant-of-theta,csc θ,コセカント シータ,cosecant theta ／ cosecant of theta ／ csc theta,Algebra 2|Precalculus|AP Calculus AB|Calculus I,OpenStax 1040,trigonometry,cosecant,日本の大学・英国は cosec と書くこともある,reciprocal-trig-functions
cotangent-of-theta,cot θ,コタンジェント シータ,cotangent theta ／ cotangent of theta ／ cot theta,Algebra 2|Precalculus|AP Calculus AB|Calculus I,OpenStax 377,trigonometry,cotangent,,reciprocal-trig-functions
sine-squared,sin²θ,サイン 2 乗 シータ,"sine squared theta ／ sine squared of theta ／ sine of theta, squared",数I|Algebra 2|Precalculus,editorial,trigonometry,,sin θ² と (sin θ)² の区別,
inverse-sine-notation,sin⁻¹ x ／ arcsin x,アークサイン x,inverse sine of x ／ arcsine of x ／ arc sine x ／ sine inverse of x,大学|Precalculus|AP Calculus AB|Calculus I,OpenStax 217|CED 2,trigonometry,arcsine,PLAN 付録 B #12。1/sin x と読み違えない,inverse-trig-functions
inverse-cosine-notation,cos⁻¹ x ／ arccos x,アークコサイン x,inverse cosine of x ／ arccosine of x ／ arc cosine x ／ cosine inverse of x,大学|Precalculus|AP Calculus AB|Calculus I,OpenStax 159,trigonometry,arccosine,,inverse-trig-functions
inverse-tangent-notation,tan⁻¹ x ／ arctan x,アークタンジェント x,inverse tangent of x ／ arctangent of x ／ arc tangent x ／ tangent inverse of x,大学|Precalculus|AP Calculus AB|Calculus I,OpenStax 273,trigonometry,arctangent,,inverse-trig-functions
radian-unit,π/2 rad,2 分の π ラジアン,pi over two radians,数II|Algebra 2|Precalculus,OpenStax 24,trigonometry,radian,,angle-units-degrees-and-radians
theta,θ,シータ,theta,数I|Geometry|Algebra 2|Precalculus,data/symbols|OpenStax 15207|CED 3,trigonometry,angle,既存エントリ,
log-base-a,logₐ x,ログ a x ／ a を底とする x の対数,log base a of x ／ the log base a of x ／ log sub a of x ／ the logarithm of x to the base a,数II|Algebra 2|Precalculus,学習指導要領〔用語・記号〕数II log_a x|OpenStax 929,logarithms,logarithm,MEXT〔記号〕log_a x。log₂ x も同じ型,
common-log-notation,log x ／ log₁₀ x,ログ x ／ 常用対数 log₁₀ x,log x ／ log of x ／ the common log of x ／ log base ten of x,数II|Algebra 2|Precalculus,OpenStax 507,logarithms,common-logarithm,PLAN 付録 B #4。日本の数II は底 10 を省略しない,log-and-ln
natural-log-ln,ln x,エルエヌ x ／ 自然対数 x,the natural log of x ／ l n x ／ natural log x ／ lin x,数III|Algebra 2|Precalculus|AP Calculus AB|Calculus I,OpenStax 1714|CED 1,logarithms,natural-logarithm,日本の数III は log x と書く（log-e-jp）,log-and-ln
log-e-jp,log x（数III、底 e）／ logₑ x,ログ x（自然対数）,the natural log of x ／ ln x ／ log base e of x,数III|Calculus I,editorial,logarithms,natural-logarithm,JP-only: 日本の表記。米国の教科書では使わない（読みは米国の言い方を併記）に近い。数III では底 e を省略して log x と書く。米国の高校では log x は常用対数、大学の一部の本は log = ln,log-and-ln
limit-x-to-a,lim_{x→a} f(x),リミット x → a f(x) ／ x が a に限りなく近づくときの f(x) の極限値,the limit as x approaches a of f of x ／ the limit of f of x as x approaches a ／ the limit as x goes to a of f of x,数II|数III|Precalculus|AP Calculus AB|Calculus I,学習指導要領〔用語・記号〕数II lim|OpenStax 2898|CED 15,limits,limit,MEXT〔記号〕lim,
infinity-symbol,∞ ／ −∞,無限大 ／ マイナス無限大,infinity ／ negative infinity ／ minus infinity,数III|Algebra 2|Precalculus|AP Calculus AB|Calculus I,学習指導要領〔用語・記号〕数III ∞|OpenStax 9142|CED 19|CED-Stats 1,limits,infinity,MEXT〔記号〕∞,
approaches-arrow,x → a,x が a に近づく ／ x → a,x approaches a ／ x goes to a ／ x tends to a,数II|数III|Precalculus|AP Calculus AB|Calculus I,OpenStax 3864|CED 25|CK-12 209,limits,approaches,→ は半直線・写像・条件文とも共有,
limit-from-left,lim_{x→a⁻} f(x)（日本では x → a − 0）,x が a に左から近づくときの極限 ／ リミット x → a マイナス 0,the limit as x approaches a from the left of f of x ／ the limit as x approaches a minus ／ the left-hand limit of f at a,数III|Precalculus|AP Calculus AB|Calculus I,editorial,limits,left-hand-limit,日本の a − 0 は日本特有,one-sided-limit-notation
limit-from-right,lim_{x→a⁺} f(x)（日本では x → a + 0）,x が a に右から近づくときの極限 ／ リミット x → a プラス 0,the limit as x approaches a from the right of f of x ／ the limit as x approaches a plus ／ the right-hand limit of f at a,数III|Precalculus|AP Calculus AB|Calculus I,OpenStax 38|CK-12 2,limits,right-hand-limit,,one-sided-limit-notation
dne-abbreviation,DNE,（極限が）存在しない,does not exist ／ D N E,Precalculus|AP Calculus AB|Calculus I,OpenStax 23,limits,the-limit-does-not-exist,米国の答案の略記,dne-in-answers
indeterminate-forms,0/0 ／ ∞/∞,0 分の 0 ／ 不定形,zero over zero ／ infinity over infinity,数III|AP Calculus AB|AP Calculus BC|Calculus I,OpenStax 5|CK-12 4,limits,indeterminate-form,,
difference-quotient-limit,lim_{h→0} (f(x + h) − f(x))/h,リミット h → 0 h 分の f(x + h) − f(x),"the limit as h approaches zero of f of x plus h minus f of x, all over h ／ the limit as h goes to zero of the quantity f of x plus h minus f of x over h",数II|数III|AP Calculus AB|Calculus I,OpenStax 211,derivatives,limit-definition-of-the-derivative,all over の読み,
derivative-prime,f′(x),エフ ダッシュ エックス,f prime of x ／ f prime,数II|数III|AP Calculus AB|Calculus I,data/symbols|OpenStax 887|CED 7,derivatives,derivative,既存エントリ。′ 単独は分・像 A′・p′ と共有,y-prime-vs-dy-dx
derivative-leibniz,dy/dx,ディーワイ ディーエックス,d y d x ／ d y over d x,数III|AP Calculus AB|Calculus I,data/symbols|OpenStax 402,derivatives,leibniz-notation,既存エントリ,y-prime-vs-dy-dx
second-derivative-leibniz,d²y/dx²,ディー 2 ワイ ディーエックス 2 乗,d two y d x two ／ d squared y d x squared ／ the second derivative of y with respect to x,数III|AP Calculus AB|Calculus I,OpenStax 31,derivatives,second-derivative,,
nth-derivative-notation,f⁽ⁿ⁾(x) ／ f‴(x),f の n 次導関数 ／ エフ エヌ エックス,the nth derivative of f ／ f super n of x ／ f triple prime of x,数III|AP Calculus BC|Calculus I|Calculus II,OpenStax 96,derivatives,nth-derivative,,
derivative-evaluated-at,dy/dx |ₓ₌ₐ,x = a における dy/dx の値,d y d x evaluated at x equals a ／ d y d x at x equals a,数III|AP Calculus AB|Calculus I,OpenStax 3,derivatives,derivative-at-a-point,,
delta-x,Δx ／ Δy/Δx,デルタ x ／ x の増分,delta x ／ change in x ／ delta y over delta x ／ the change in y over the change in x,数II|数III|Algebra 1|AP Calculus AB|Calculus I,OpenStax 467|CED 2,derivatives,average-rate-of-change,日本の数II は h を使うことが多い,
partial-derivative-leibniz,∂f/∂x,ラウンド f ラウンド x ／ デル f デル x,partial f partial x ／ the partial derivative of f with respect to x ／ the partial of f with respect to x ／ del f del x,大学|Calculus III,OpenStax 3345,derivatives,partial-derivative,,
partial-derivative-subscript,fₓ ／ fₓᵧ,f x（偏導関数）,f sub x ／ f x ／ f sub x y,大学|Calculus III,OpenStax 37,derivatives,partial-derivative,,
nabla,∇f,ナブラ エフ,del f ／ the gradient of f,大学|Calculus III,data/symbols|OpenStax 404,derivatives,gradient,既存エントリ,
directional-derivative-notation,Dᵤ f,u 方向の方向微分係数,D sub u of f ／ the directional derivative of f in the direction of u,大学|Calculus III,OpenStax 42,derivatives,directional-derivative,,
jacobian-notation,"∂(x, y)/∂(u, v)",ヤコビアン,the Jacobian of x and y with respect to u and v ／ partial x y over partial u v,大学|Calculus III,OpenStax 14,derivatives,jacobian,,
divergence-del-dot,∇ · F ／ div F,ダイバージェンス F ／ ナブラ ドット F,del dot F ／ the divergence of F ／ div F,大学|Calculus III,OpenStax 72,vectors,divergence-vector,,
curl-del-cross,∇ × F ／ curl F,ローテーション F ／ rot F,del cross F ／ the curl of F ／ curl F,大学|Calculus III,OpenStax 115,vectors,curl-vector,日本は rot と書くことが多い,
integral-indefinite,∫ f(x) dx,インテグラル f(x) dx ／ f(x) の不定積分,the integral of f of x d x ／ the integral of f of x with respect to x ／ the antiderivative of f of x,数II|数III|AP Calculus AB|Calculus I,OpenStax 9958|CED 25,integrals,indefinite-integral,,
integral-definite,∫ₐᵇ f(x) dx,インテグラル a から b、f(x) dx ／ f(x) の a から b までの定積分,the integral from a to b of f of x d x ／ the integral of f of x from a to b,数II|数III|AP Calculus AB|Calculus I,data/symbols|OpenStax 488,integrals,definite-integral,既存エントリ,
plus-c-constant,+ C,プラス C（C は積分定数）,plus C ／ plus a constant,数II|AP Calculus AB|Calculus I,OpenStax 1296|CED 5,integrals,constant-of-integration,,constant-of-integration-remark
evaluation-bar,F(x)|ₐᵇ（日本では [F(x)]ₐᵇ）,F(x) の a から b ／ [F(x)] a から b,F of x evaluated from a to b ／ F of x from a to b ／ F of x evaluated at b minus F of x evaluated at a,数II|AP Calculus AB|Calculus I,OpenStax 14,integrals,,日本は角括弧、米国は縦線が多い,evaluation-bar-notation
double-integral-sign,"∬_R f(x, y) dA","二重積分 ∬ f(x, y) dA",the double integral over R of f of x y d A ／ the double integral of f over R,大学|Calculus III,OpenStax 596,integrals,double-integral,,
triple-integral-sign,∭_E f dV,三重積分,the triple integral over E of f d V ／ the triple integral of f over E,大学|Calculus III,OpenStax 157,integrals,triple-integral,,
line-integral-sign,∫_C F · dr ／ ∮_C,線積分,the line integral over C of F dot d r ／ the integral over C of F dot d r ／ the integral around C,大学|Calculus III,OpenStax 424,integrals,line-integral,,
summation-sigma,∑ₖ₌₁ⁿ aₖ,シグマ、k イコール 1 から n まで、a の k,"the sum from k equals one to n of a sub k ／ the sum of a k, k from one to n",数B|Precalculus|AP Calculus BC|Calculus II,学習指導要領〔用語・記号〕数B Σ|data/symbols|OpenStax 3935|CED 11|CED-Stats 11,sums,summation-notation,既存エントリ（term_ref は null）。MEXT〔記号〕Σ,summation-index-letter
product-pi-notation,∏ᵢ₌₁ⁿ aᵢ,パイ（総乗）、i = 1 から n まで a i,"the product from i equals one to n of a sub i ／ the product of a sub i, i from one to n",大学|Discrete Math,editorial,sums,product,,
factorial-n,n!,n の階乗,n factorial,数A|Algebra 2|Precalculus|AP Statistics|Discrete Math,学習指導要領〔用語・記号〕数A n!|OpenStax 681|CED 5|CK-12 3,probability-statistics,factorial,MEXT〔記号〕n!,
permutation-npr,"ₙPᵣ ／ P(n, r)",エヌ ピー アール,the number of permutations of n things taken r at a time ／ n P r,数A|Algebra 2|Precalculus|Discrete Math,学習指導要領〔用語・記号〕数A nPr|data/symbols|OpenStax 30,probability-statistics,permutation,既存エントリ。MEXT〔記号〕nPr,combination-permutation-notation
combination-ncr,"ₙCᵣ ／ C(n, r) ／ (n r)（二項係数）",エヌ シー アール,n choose r,数A|数II|Algebra 2|Precalculus|Discrete Math,学習指導要領〔用語・記号〕数A nCr|data/symbols|OpenStax 94,probability-statistics,combination,既存エントリ（term_ref は null。組合せのエントリは今はある）。MEXT〔記号〕nCr,combination-permutation-notation
repeated-combination-h-jp,ₙHᵣ,エイチ n r ／ 重複組合せの数,the number of combinations with repetition of n things taken r at a time ／ n multichoose r ／ n plus r minus one choose r,数A,editorial,probability-statistics,combination-with-repetition,JP-only: 日本の表記。米国の教科書では使わない（読みは米国の言い方を併記）（数A の発展・入試。指導要領の記号ではない）,repeated-combination-notation
element-of-sign,a ∈ A,a は A に属する ／ a は A の要素,a is an element of A ／ a is in A ／ a belongs to A ／ a is a member of A,数I|Precalculus|Discrete Math|Linear Algebra,OpenStax 523|CK-12 1,sets,element,,
not-element-of-sign,a ∉ A,a は A に属さない,a is not an element of A ／ a is not in A,数I|Discrete Math,editorial,sets,element,,
subset-sign,A ⊆ B（日本では A ⊂ B）,A は B の部分集合 ／ A は B に含まれる,A is a subset of B ／ A is contained in B,数I|Discrete Math|Linear Algebra,OpenStax 7,sets,subset,日本の ⊂ は等しい場合を含む,subset-symbol
proper-subset-sign,A ⊊ B（米国では A ⊂ B をこの意味で使う本がある）,A は B の真部分集合,A is a proper subset of B,大学|Discrete Math,editorial,sets,subset,⊂ の意味が日米・本で違う,subset-symbol
union-sign,A ∪ B,A カップ B ／ A と B の和集合,A union B ／ the union of A and B,数I|数A|Algebra 2|AP Statistics|Intro Statistics|Discrete Math,OpenStax 451|CED-Stats 3|CK-12 2,sets,union,,
intersection-sign,A ∩ B,A キャップ B ／ A と B の共通部分,A intersect B ／ the intersection of A and B ／ A intersection B,数I|数A|Algebra 2|AP Statistics|Intro Statistics|Discrete Math,OpenStax 28|CED-Stats 8|CK-12 2,sets,intersection,,
complement-notation,Ā（日本）／ Aᶜ ／ A′,A バー ／ A の補集合,A complement ／ the complement of A ／ A prime ／ A bar ／ not A,数I|数A|AP Statistics|Intro Statistics|Discrete Math,OpenStax 20|CK-12 85,sets,complement,OpenStax Introductory Statistics は A′（A prime）,complement-bar-vs-c-prime
empty-set-symbol,∅,空集合,the empty set ／ the null set,数I|Intro Statistics|Discrete Math,OpenStax 4,sets,empty-set,,
natural-numbers-symbol,ℕ,自然数全体の集合 N,the natural numbers ／ the set of natural numbers ／ N,大学|Discrete Math,editorial,sets,natural-number,0 を含むかは本による,
integers-symbol,ℤ,整数全体の集合 Z,the integers ／ the set of integers ／ Z,大学|Discrete Math,editorial,sets,integer,,
rationals-symbol,ℚ,有理数全体の集合 Q,the rational numbers ／ the rationals ／ Q,大学|Discrete Math,editorial,sets,rational-number,,
reals-symbol,ℝ ／ ℝ² ／ ℝⁿ,実数全体の集合 R ／ R 2,the real numbers ／ the reals ／ R ／ R two ／ R n,大学|Precalculus|Calculus III|Linear Algebra|Discrete Math,OpenStax 229,sets,real-number,,
complex-numbers-symbol,ℂ,複素数全体の集合 C,the complex numbers ／ C,大学|Linear Algebra,editorial,sets,complex-number,,
set-builder-braces,{x | x > 0},x > 0 を満たす x 全体の集合,the set of all x such that x is greater than zero ／ the set of x such that x is greater than zero,数I|Algebra 1|Algebra 2|Precalculus|Discrete Math,OpenStax 60,sets,set-builder-notation,,set-builder-colon
roster-braces,"{1, 2, 3}","1, 2, 3 を要素とする集合","the set containing one, two, and three ／ the set one, two, three",数I|Algebra 1|Intro Statistics|Discrete Math,editorial,sets,set,,
cardinality-notation,n(A)（日本）／ |A|,A の要素の個数 ／ n(A),the number of elements in A ／ the cardinality of A ／ n of A,数A|Intro Statistics|Discrete Math,editorial,sets,number-of-elements,,number-of-elements-notation
cartesian-product-cross,A × B,A と B の直積,A cross B ／ the Cartesian product of A and B,大学|Discrete Math,editorial,sets,cartesian-product,× は掛け算・外積と共有するので probe は空,
power-set-notation,𝒫(A),A のべき集合,the power set of A ／ P of A,大学|Discrete Math,editorial,sets,power-set,,
set-difference,A ∖ B ／ A − B,A から B を除いた集合（日本の高校では A ∩ B̄）,A minus B ／ the set difference of A and B ／ A without B,大学|Discrete Math,editorial,sets,,,
closed-interval-brackets,"[a, b]",閉区間 a b ／ a 以上 b 以下,"the closed interval from a to b ／ the closed interval a, b",数III|Algebra 1|Precalculus|AP Calculus AB|Calculus I,editorial,sets,closed-interval,"日本の高校は a ≦ x ≦ b と書くことが多い（数III の平均値の定理で [a, b]）",interval-notation-vs-inequalities
open-interval-parentheses,"(a, b)",開区間 a b ／ a より大きく b より小さい,"the open interval from a to b ／ the open interval a, b",数III|Algebra 1|Precalculus|AP Calculus AB|Calculus I,editorial,sets,open-interval,"点 (a, b) と同じ形",interval-notation-vs-inequalities
half-open-interval,"[a, b)",a 以上 b 未満の区間,"the interval from a to b, including a but not b ／ the half-open interval from a to b ／ a closed, b open",大学|Algebra 1|Precalculus,editorial,sets,interval-notation,,interval-notation-vs-inequalities
implies-arrow,p ⇒ q ／ p → q,p ならば q,"p implies q ／ if p, then q",数I|Geometry|Discrete Math,OpenStax 82|CK-12 12,logic,conditional-statement,米国の幾何・離散数学は p → q も使う,
iff-arrow,p ⇔ q ／ p ↔ q,p と q は同値 ／ p ⇔ q,p if and only if q ／ p is equivalent to q ／ p iff q,数I|Geometry|Discrete Math,OpenStax 12|CK-12 4,logic,biconditional,,
negation-sign,¬p ／ ~p ／ p̄（日本）,p でない ／ p バー ／ p の否定,not p ／ the negation of p,数I|Geometry|Discrete Math,CK-12 28,logic,negation,日本の数I は上線 p̄。米国の幾何は ~p,logic-notation
logical-and-wedge,p ∧ q,p かつ q,p and q,大学|Geometry|Discrete Math,CK-12 59,logic,logical-connective,日本の高校は言葉で「かつ」,logic-notation
logical-or-vee,p ∨ q,p または q,p or q,大学|Geometry|Discrete Math,CK-12 78,logic,logical-connective,,logic-notation
for-all-quantifier,∀x,すべての x について,for all x ／ for every x ／ for each x,大学|Discrete Math,editorial,logic,universal-quantifier,,logic-notation
there-exists-quantifier,∃x,ある x が存在して,there exists an x ／ there exists x such that ／ there is an x,大学|Discrete Math,editorial,logic,existential-quantifier,,logic-notation
therefore-sign,∴,ゆえに,therefore ／ so,中2|数I|Geometry|Discrete Math,OpenStax 3|CK-12 9,logic,,PLAN 付録 B #5。conventions/therefore-because-symbols と対,therefore-because-symbols
because-sign,∵,なぜならば,because ／ since,中2|数I,editorial,logic,,米国ではほぼ使わない（conventions/therefore-because-symbols）,therefore-because-symbols
qed-end-of-proof,∎ ／ □ ／ Q.E.D.（日本では（証明終））,証明終わり,Q E D ／ end of proof ／ which completes the proof,中2|数I|Geometry|Discrete Math,editorial,logic,end-of-proof,PLAN 付録 B #6,end-of-proof-marker
congruence-mod,a ≡ b (mod n) ／ a mod n,a と b は n を法として合同 ／ a 合同 b モッド n,a is congruent to b mod n ／ a is congruent to b modulo n ／ a mod n,数A|Discrete Math,editorial,number-theory,congruence-modulo-n,MEXT の ≡ は図形の合同（congruent-sign）,
divides-bar,a | b,a は b を割り切る ／ a は b の約数,a divides b ／ a is a divisor of b,大学|Discrete Math,OpenStax 5,number-theory,divisibility,日本の高校は言葉で書く,
gcd-notation,"gcd(a, b) ／ GCF(a, b)",a と b の最大公約数,the gcd of a and b ／ the greatest common divisor of a and b ／ the GCF of a and b,数A|Pre-Algebra|Discrete Math,editorial,number-theory,greatest-common-divisor,米国の Pre-Algebra は GCF（greatest common factor）,gcd-written-in-words
lcm-notation,"lcm(a, b) ／ LCM(a, b)",a と b の最小公倍数,the lcm of a and b ／ the least common multiple of a and b,数A|Pre-Algebra|Discrete Math,OpenStax 90,number-theory,least-common-multiple,,
vector-arrow-notation,a⃗ ／ v（太字）,ベクトル a,vector a ／ the vector a ／ a vector,数C|Precalculus|Calculus III|Linear Algebra,editorial,vectors,vector,日本は矢印、米国の教科書は太字（手書きは矢印）,vector-notation
vector-ab-arrow,AB⃗,ベクトル AB,vector AB ／ the vector from A to B,数C|Precalculus|Calculus III,CK-12 34,vectors,vector,米国の幾何では同じ形が半直線 AB（ray-ab-arrow）,
angle-bracket-vector,"⟨a, b⟩（日本では (a, b)）","成分表示 (a, b) ／ ベクトル a b","the vector a, b ／ the vector with components a and b ／ angle bracket a, b",数C|Precalculus|Calculus III,OpenStax 36,vectors,component-form,,vector-notation
unit-vector-hat,"î, ĵ, k̂ ／ û",i ハット ／ 単位ベクトル,i hat ／ j hat ／ k hat ／ u hat,大学|Precalculus|Calculus III,OpenStax 2,vectors,standard-unit-vectors,"OpenStax は i, j, k を太字で書き hat を付けない",standard-unit-vector-letters
vector-magnitude-bars,‖v‖（日本では |a⃗|）,ベクトル a の大きさ,the magnitude of v ／ the norm of v ／ the length of v,数C|Precalculus|Calculus III|Linear Algebra,OpenStax 1104,vectors,magnitude,,
dot-product-dot,a⃗ · b⃗,a ドット b ／ a と b の内積,a dot b ／ the dot product of a and b,数C|Precalculus|Calculus III|Linear Algebra,OpenStax 6690|CED 183|CED-Stats 228|CK-12 267,vectors,dot-product,· は掛け算とも共有,
cross-product-cross,u × v,u クロス v ／ u と v の外積,u cross v ／ the cross product of u and v,大学|Calculus III|Linear Algebra,editorial,vectors,cross-product,× は掛け算とも共有するので probe は空,
projection-notation,proj_v u,u の v への正射影ベクトル,the projection of u onto v ／ proj v of u ／ the vector projection of u onto v,数C|Precalculus|Calculus III|Linear Algebra,OpenStax 224|CED-Stats 1|CK-12 12,vectors,vector-projection,,
matrix-brackets,[a b; c d]（日本では ( ) で囲む）,行列 a b c d,"the matrix a, b, c, d ／ the two-by-two matrix with entries a, b, c, d ／ the matrix with rows a b and c d",数C|大学|Algebra 2|Precalculus|Linear Algebra,OpenStax 8014,matrices,matrix,,
matrix-dimensions-by,2 × 3 行列 ／ m × n,2 行 3 列の行列 ／ m 行 n 列,a two-by-three matrix ／ an m by n matrix,数C|大学|Algebra 2|Precalculus|Linear Algebra,OpenStax 43,matrices,matrix,× を by と読む,
matrix-entry-aij,aᵢⱼ,"a i j ／ (i, j) 成分",a sub i j ／ a i j ／ the i j entry of A,数C|大学|Linear Algebra,OpenStax 8,matrices,entry,,
determinant-notation,det A ／ |A|,行列式 A ／ デターミナント A,the determinant of A ／ det A ／ the det of A,大学|Precalculus|Linear Algebra,OpenStax 48,matrices,determinant,,
transpose-notation,Aᵀ（日本では ᵗA も）,A の転置 ／ A トランスポーズ ／ t A,A transpose ／ the transpose of A,大学|Linear Algebra,editorial,matrices,transpose,,
matrix-inverse-notation,A⁻¹,A インバース ／ A の逆行列,A inverse ／ the inverse of A,数C|大学|Precalculus|Linear Algebra,OpenStax 130,matrices,inverse-matrix,,
identity-matrix-i,I ／ Iₙ（日本では E）,単位行列 E,the identity matrix ／ I ／ I sub n ／ the n by n identity matrix,数C|大学|Precalculus|Linear Algebra,OpenStax 34|CK-12 1,matrices,identity-matrix,日本の高校・大学初年次は E,identity-matrix-letter
probability-of-a,P(A),A の確率 ／ P(A),the probability of A ／ P of A,数A|Algebra 2|AP Statistics|Intro Statistics,OpenStax 76|CED-Stats 3,probability-statistics,probability,,
conditional-probability-bar,P(A | B),B が起こったときの A の条件付き確率,the probability of A given B ／ P of A given B,数A|Algebra 2|AP Statistics|Intro Statistics,OpenStax 29,probability-statistics,conditional-probability,,conditional-probability-notation
conditional-probability-subscript-jp,P_A(B),A が起こったときの B が起こる条件付き確率 ／ P A B,the probability of B given A ／ P of B given A,数A,editorial,probability-statistics,conditional-probability,JP-only: 日本の表記。米国の教科書では使わない（読みは米国の言い方を併記）。添字が条件（米国の P(B | A)）で、文字の順が逆,conditional-probability-notation
probability-of-intersection,P(A ∩ B),A かつ B の確率 ／ P(A キャップ B),the probability of A and B ／ P of A intersect B ／ the probability of A intersect B,数A|Algebra 2|AP Statistics|Intro Statistics,OpenStax 48|CED-Stats 4,probability-statistics,intersection-of-events,OpenStax Introductory Statistics は P(A AND B) と書く,probability-and-or-notation
probability-of-union,P(A ∪ B),A または B の確率 ／ P(A カップ B),the probability of A or B ／ P of A union B ／ the probability of A union B,数A|Algebra 2|AP Statistics|Intro Statistics,OpenStax 15|CED-Stats 2,probability-statistics,union-of-events,OpenStax Introductory Statistics は P(A OR B) と書く,probability-and-or-notation
probability-x-equals-k,P(X = k),X = k となる確率,the probability that X equals k ／ P of X equals k,数B|AP Statistics|Intro Statistics,OpenStax 26|CED-Stats 2,probability-statistics,probability-distribution,,
expected-value-e-of-x,E(X) ／ μ_X,X の期待値 ／ E(X),the expected value of X ／ E of X ／ the mean of X ／ mu sub X,数B|AP Statistics|Intro Statistics,OpenStax 5|CED-Stats 1,probability-statistics,expected-value,AP Statistics は μ_X も使う,
variance-of-x,V(X)（日本）／ Var(X) ／ σ²,X の分散 ／ V(X),the variance of X ／ var of X ／ sigma squared,数B|AP Statistics|Intro Statistics,OpenStax 534|CED 6|CED-Stats 107|CK-12 77,probability-statistics,variance,日本は V(X),variance-notation
standard-deviation-sigma,σ ／ σ(X) ／ σ_X,シグマ ／ X の標準偏差,sigma ／ the standard deviation of X ／ sigma sub X ／ sigma of X,数I|数B|AP Statistics|Intro Statistics,OpenStax 767|CED-Stats 36,probability-statistics,standard-deviation,日本は σ(X)、米国は σ_X,
mu-population-mean,μ（日本の数B では m）,ミュー ／ 母平均 m,mu ／ the population mean,数B|AP Statistics|Intro Statistics,OpenStax 1032|CED-Stats 58,probability-statistics,population-mean,日本の数B は母平均を m と書く,
x-bar-sample-mean,x̄ ／ X̄,x バー ／ 標本平均 X̄,x bar ／ the sample mean,数I|数B|AP Statistics|Intro Statistics,OpenStax 334,probability-statistics,sample-mean,,
p-hat-sample-proportion,p̂（OpenStax Introductory Statistics では p′）,p ハット ／ 標本比率,p hat ／ the sample proportion ／ p prime,数B|AP Statistics|Intro Statistics,OpenStax 21,probability-statistics,sample-proportion,日本の数B の標本比率の記号（R など）は教科書で要確認,
y-hat-predicted-value,ŷ,y ハット ／ 予測値,y hat ／ the predicted value of y,Algebra 1|AP Statistics|Intro Statistics,OpenStax 97,probability-statistics,regression-line,,
s-sample-sd,s ／ sₓ,s ／ 標本標準偏差,s ／ s sub x ／ the sample standard deviation,数I|数B|AP Statistics|Intro Statistics,OpenStax 477|CED 1,probability-statistics,standard-deviation,1 文字の記号,
r-squared,r²,r の 2 乗 ／ 決定係数,r squared ／ the coefficient of determination,Algebra 1|AP Statistics|Intro Statistics,OpenStax 1397|CED 1|CED-Stats 2|CK-12 26,probability-statistics,coefficient-of-determination,,
normal-distribution-n,"N(μ, σ)（日本では N(m, σ²)）","正規分布 N(m, σ²)",the normal distribution with mean mu and standard deviation sigma ／ N of mu comma sigma ／ normal with mean mu and standard deviation sigma,数B|AP Statistics|Intro Statistics,OpenStax 19,probability-statistics,normal-distribution,第 2 引数が日本は分散、AP Statistics は標準偏差,normal-distribution-parameter
binomial-distribution-b,"B(n, p)","二項分布 B(n, p)",the binomial distribution with n trials and success probability p ／ binomial with parameters n and p ／ B of n comma p,数B|AP Statistics|Intro Statistics,OpenStax 7,probability-statistics,binomial-distribution,,
distributed-as-tilde,"X ~ N(μ, σ)","X は N(μ, σ) に従う","X is distributed as N of mu, sigma ／ X follows a normal distribution ／ X is normally distributed with mean mu and standard deviation sigma",数B|AP Statistics|Intro Statistics,OpenStax 281,probability-statistics,distribution,日本は記号でなく「に従う」と書く,normal-distribution-parameter
z-star-critical-value,z* ／ t*,臨界値 z,z star ／ t star ／ the critical value,AP Statistics|Intro Statistics,OpenStax 2|CED-Stats 2,probability-statistics,critical-value,,
chi-square-symbol,χ²,カイ 2 乗,chi-square ／ chi-squared,AP Statistics|Intro Statistics,OpenStax 60|CED-Stats 4,probability-statistics,chi-square-test,chi は kai と読む,
h-naught-null,H₀,帰無仮説 H₀ ／ エイチ ゼロ,H naught ／ H zero ／ H sub zero ／ the null hypothesis,数B|AP Statistics|Intro Statistics,OpenStax 340|CED-Stats 33,probability-statistics,null-hypothesis,,
h-sub-a-alternative,Hₐ ／ H₁,対立仮説 H₁ ／ エイチ ワン,H sub a ／ H a ／ H one ／ the alternative hypothesis,数B|AP Statistics|Intro Statistics,OpenStax 251|CED-Stats 1,probability-statistics,alternative-hypothesis,日本は H₁、AP Statistics は Hₐ,
df-degrees-of-freedom,df,自由度,d f ／ degrees of freedom,大学|AP Statistics|Intro Statistics,OpenStax 180|CED-Stats 8,probability-statistics,degrees-of-freedom,,
se-standard-error,SE ／ SE(x̄),標準誤差,S E ／ the standard error ／ the standard error of x bar,大学|AP Statistics|Intro Statistics,OpenStax 57|CED 113|CED-Stats 127,probability-statistics,standard-error,,
quartile-q1-q3,Q₁ ／ Q₃,第 1 四分位数 Q₁,Q one ／ Q sub one ／ the first quartile ／ Q three,中2|数I|Algebra 1|AP Statistics|Intro Statistics,OpenStax 40|CED-Stats 39,probability-statistics,quartile,,
iqr-abbreviation,IQR,四分位範囲,I Q R ／ the interquartile range,中2|Algebra 1|AP Statistics|Intro Statistics,OpenStax 74|CED-Stats 29,probability-statistics,interquartile-range,,
alpha,α,アルファ,alpha,数I|数II|Geometry|Algebra 2|Precalculus|AP Statistics,OpenStax 3443|CED-Stats 18,notation-other,,AP Statistics では有意水準 α,
beta,β,ベータ,beta,数I|数II|Precalculus|AP Statistics,OpenStax 2386,notation-other,,米音は BAY-tuh,
gamma,γ,ガンマ,gamma,数II|Precalculus,OpenStax 331,notation-other,,,
delta-lowercase,δ,デルタ,delta,大学|Calculus I,OpenStax 479|CK-12 1,notation-other,epsilon-delta-definition,ε-δ 論法,
epsilon,ε,イプシロン,epsilon,大学|Calculus I,OpenStax 517,notation-other,epsilon-delta-definition,,
lambda,λ,ラムダ,lambda,大学|Linear Algebra|Calculus III|Intro Statistics,OpenStax 475,notation-other,eigenvalue,固有値・ラグランジュ乗数・ポアソン分布,
rho,ρ,ロー,rho,大学|Calculus III|AP Statistics,OpenStax 1586,notation-other,,米音は row。球座標・母相関係数,
phi,φ ／ ϕ,ファイ,phi,大学|Calculus III,OpenStax 871,notation-other,,米音は fie と fee の両方,
omega,ω,オメガ,omega,数II|Precalculus,OpenStax 354,notation-other,,日本の数II は 1 の虚立方根 ω,
imaginary-unit-i,i,アイ ／ 虚数単位 i,i ／ the imaginary unit,数II|Algebra 2|Precalculus,学習指導要領〔用語・記号〕数II i,complex-numbers,imaginary-unit,MEXT〔記号〕i。1 文字なので probe は空,
complex-a-plus-bi,a + bi,a たす b i,a plus b i,数II|Algebra 2|Precalculus,editorial,complex-numbers,complex-number,,
complex-conjugate-bar,z̄,z バー ／ z の共役複素数,z bar ／ the conjugate of z ／ the complex conjugate of z ／ z conjugate,数II|数C|Precalculus|Linear Algebra,OpenStax 41,complex-numbers,complex-conjugate,,
complex-modulus-bars,|z|,z の絶対値,the modulus of z ／ the absolute value of z ／ the magnitude of z,数C|Precalculus,OpenStax 45,complex-numbers,modulus-of-a-complex-number,,
argument-arg-z,arg z,z の偏角 ／ アーグ z,the argument of z ／ arg z,数C|Precalculus,editorial,complex-numbers,argument-of-a-complex-number,,
polar-form-cis,r(cos θ + i sin θ) ／ r cis θ,極形式 r(cos θ + i sin θ),r times cosine theta plus i sine theta ／ r cis theta,数C|Precalculus,OpenStax 87,complex-numbers,polar-form,cis は米国の Precalculus の略記,
pi-symbol,π,パイ ／ 円周率,pi,中1|Pre-Algebra|Geometry,学習指導要領〔用語・記号〕中1 π|OpenStax 15819|CED 15|CK-12 137,geometry,pi,MEXT〔記号〕π,
degree-sign,30°,30 度,thirty degrees,中1|Pre-Algebra|Geometry,OpenStax 2744|CK-12 992,geometry,degree-measure,,
parallel-sign,AB // CD（米国では AB ∥ CD）,AB 平行 CD ／ AB と CD は平行,AB is parallel to CD ／ line AB is parallel to line CD,中1|Geometry,学習指導要領〔用語・記号〕中1 //|OpenStax 279|CK-12 43,geometry,parallel,MEXT〔記号〕//,
perpendicular-sign,AB ⊥ CD,AB 垂直 CD ／ AB と CD は垂直,AB is perpendicular to CD ／ line AB is perpendicular to line CD,中1|Geometry,学習指導要領〔用語・記号〕中1 ⊥|OpenStax 12|CK-12 34,geometry,perpendicular,MEXT〔記号〕⊥,
angle-abc,∠ABC,角 ABC,angle ABC,中1|Geometry,学習指導要領〔用語・記号〕中1 ∠|OpenStax 88|CK-12 838,geometry,angle,MEXT〔記号〕∠,
measure-of-angle,m∠ABC,角 ABC の大きさ,the measure of angle ABC ／ m angle ABC,Geometry,CK-12 321,geometry,,米国の幾何は角そのもの（∠ABC）と大きさ（m∠ABC）を分ける。日本は ∠ABC = 40° と書く,figure-and-measure-notation
triangle-abc,△ABC,三角形 ABC,triangle ABC,中1|Geometry,学習指導要領〔用語・記号〕中1 △|OpenStax 7|CK-12 230,geometry,triangle,MEXT〔記号〕△。CK-12 は ΔABC と書く,
congruent-sign,△ABC ≡ △DEF（米国では ≅）,三角形 ABC 合同 三角形 DEF,triangle ABC is congruent to triangle DEF,中2|Geometry,学習指導要領〔用語・記号〕中2 ≡|OpenStax 2|CK-12 266,geometry,congruent,MEXT〔記号〕≡。米国の ≡ は合同式・恒等,congruence-symbol
similar-sign,△ABC ∽ △DEF（米国では ∼）,三角形 ABC 相似 三角形 DEF,triangle ABC is similar to triangle DEF,中3|Geometry,学習指導要領〔用語・記号〕中3 ∽|OpenStax 29|CED-Stats 5|CK-12 127,geometry,similar,MEXT〔記号〕∽,similarity-symbol
segment-ab-overline,AB̅（線分 AB）,線分 AB,segment AB ／ line segment AB,Geometry,CK-12 416,geometry,segment,日本は「線分 AB」と言葉で書く,figure-and-measure-notation
length-ab,AB（長さ）,線分 AB の長さ ／ AB,A B ／ the length of AB ／ the length of segment AB,中1|Geometry,editorial,geometry,,米国の幾何は上線なしの AB を長さ（数）として使い分ける,figure-and-measure-notation
line-ab-arrow,AB⃡,直線 AB,line AB,Geometry,OpenStax 10|CK-12 43,geometry,line,日本は「直線 AB」と言葉で書く,figure-and-measure-notation
ray-ab-arrow,AB⃗（米国の幾何では半直線）,半直線 AB,ray AB,Geometry,CK-12 34,geometry,ray,日本の AB⃗ はベクトル（vector-ab-arrow）,
arc-ab,⌒AB ／ AB⌢,弧 AB,arc AB ／ the measure of arc AB,中1|Geometry,editorial,geometry,arc,,arc-measure-notation
circle-o,⊙O,円 O,circle O,中1|Geometry,editorial,geometry,circle,日本は「円 O」と言葉で書く,
parallelogram-abcd,▱ABCD（日本では □ABCD とも）,平行四辺形 ABCD,parallelogram ABCD,中2|Geometry,editorial,geometry,parallelogram,,
prime-label-image,A′ ／ A″,A ダッシュ ／ A ツーダッシュ,A prime ／ A double prime,中1|Pre-Algebra|Geometry,OpenStax 20|CK-12 89,geometry,image,移動後の点。日本語はダッシュ、英語は prime,
ordered-pair,"(x, y) ／ P(3, 4)","点 (x, y) ／ 点 P(3, 4)","the point x, y ／ the ordered pair x, y ／ the point three comma four ／ P at three, four",中1|Pre-Algebra|Algebra 1,editorial,geometry,coordinates,"開区間 (a, b) と同じ形",
